{
	"$schema": "https://schemas.wp.org/wp/6.5/theme.json",
	"customTemplates": [
		{
			"name": "page-no-title",
			"postTypes": [
				"page"
			],
			"title": "Page No Title"
		},
		{
			"name": "page-with-sidebar",
			"postTypes": [
				"page"
			],
			"title": "Page with Sidebar"
		},
		{
			"name": "page-wide",
			"postTypes": [
				"page"
			],
			"title": "Page with Wide Image"
		},
		{
			"name": "single-with-sidebar",
			"postTypes": [
				"post"
			],
			"title": "Single with Sidebar"
		}
	],
	"patterns": [
		"three-columns-of-services",
		"clients-section"
	],
	"settings": {
		"appearanceTools": true,
		"color": {
			"defaultDuotone": false,
			"defaultGradients": false,
			"defaultPalette": false,
			"duotone": [
				{
					"colors": [
						"#A62B0C",
						"#F3F0E7"
					],
					"name": "Dark rust to beige",
					"slug": "duotone-1"
				}
			],
			"gradients": [
				{
					"gradient": "linear-gradient(to bottom, #A62A0C42 0%, #F3F0E7 100%)",
					"name": "Vertical transparent rust to beige",
					"slug": "gradient-1"
				},
				{
					"gradient": "linear-gradient(to bottom, #A62A0C42 50%, #F3F0E7 50%)",
					"name": "Vertical hard transparent rust to beige",
					"slug": "gradient-7"
				},
				{
					"gradient": "linear-gradient(to bottom, #A62B0C 0%, #F3F0E7 100%)",
					"name": "Vertical rust to beige",
					"slug": "gradient-2"
				},
				{
					"gradient": "linear-gradient(to bottom, #A62B0C 50%, #F3F0E7 50%)",
					"name": "Vertical hard rust to beige",
					"slug": "gradient-8"
				}
			],
			"palette": [
				{
					"color": "#F3F0E7",
					"name": "Base",
					"slug": "base"
				},
				{
					"color": "#ECEADF",
					"name": "Base / 2",
					"slug": "base-2"
				},
				{
					"color": "#A62B0C",
					"name": "Contrast",
					"slug": "contrast"
				},
				{
					"color": "#ffffff",
					"name": "Bianco",
					"slug": "custom-bianco"
				},
				{
					"color": "#2f2f2f",
					"name": "Nero",
					"slug": "custom-nero"
				},
				{
					"color": "#1ab3ff",
					"name": "Blu",
					"slug": "custom-blu"
				},
				{
					"color": "#3ec300",
					"name": "Verde",
					"slug": "custom-verde"
				},
				{
					"color": "#fffc31",
					"name": "Giallo",
					"slug": "custom-giallo"
				},
				{
					"color": "#ff1d15",
					"name": "Rosso",
					"slug": "custom-rosso"
				},
				{
					"color": "#bd13d5",
					"name": "Viola",
					"slug": "custom-viola"
				}
			]
		},
		"layout": {
			"contentSize": "1200px",
			"wideSize": "1400px"
		},
		"spacing": {
			"spacingScale": {
				"steps": 0
			},
			"spacingSizes": [
				{
					"name": "1",
					"size": "1rem",
					"slug": "10"
				},
				{
					"name": "2",
					"size": "min(1.5rem, 2vw)",
					"slug": "20"
				},
				{
					"name": "3",
					"size": "min(2.5rem, 3vw)",
					"slug": "30"
				},
				{
					"name": "4",
					"size": "min(4rem, 5vw)",
					"slug": "40"
				},
				{
					"name": "5",
					"size": "min(6.5rem, 8vw)",
					"slug": "50"
				},
				{
					"name": "6",
					"size": "min(10.5rem, 13vw)",
					"slug": "60"
				}
			],
			"units": [
				"%",
				"px",
				"em",
				"rem",
				"vh",
				"vw"
			]
		},
		"typography": {
			"fluid": true,
			"fontFamilies": [
				{
					"fontFace": [
						{
							"fontFamily": "Montserrat",
							"fontStyle": "normal",
							"fontWeight": "400",
							"src": "https://backup.plusbrothers.net/wp-content/uploads/fonts/Montserrat-Regular.ttf"
						},
						{
							"fontFamily": "Montserrat",
							"fontStyle": "normal",
							"fontWeight": "600",
							"src": "https://backup.plusbrothers.net/wp-content/uploads/fonts/Montserrat-SemiBold.ttf"
						},
						{
							"fontFamily": "Montserrat",
							"fontStyle": "italic",
							"fontWeight": "400",
							"src": "https://backup.plusbrothers.net/wp-content/uploads/fonts/Montserrat-Italic.ttf"
						},
						{
							"fontFamily": "Montserrat",
							"fontStyle": "italic",
							"fontWeight": "700",
							"src": "https://backup.plusbrothers.net/wp-content/uploads/fonts/Montserrat-BoldItalic.ttf"
						}
					],
					"fontFamily": "Montserrat",
					"name": "Montserrat",
					"slug": "montserrat"
				},
				{
					"fontFace": [
						{
							"fontFamily": "\"Sedan SC\"",
							"fontStyle": "normal",
							"fontWeight": "400",
							"src": "https://backup.plusbrothers.net/wp-content/uploads/fonts/SedanSC-Regular.ttf"
						}
					],
					"fontFamily": "\"Sedan SC\"",
					"name": "Sedan SC",
					"slug": "sedan-sc"
				},
				{
					"fontFace": [
						{
							"fontFamily": "Poppins",
							"fontStyle": "normal",
							"fontWeight": "400",
							"src": "https://backup.plusbrothers.net/wp-content/uploads/fonts/Poppins-Regular.ttf"
						},
						{
							"fontFamily": "Poppins",
							"fontStyle": "normal",
							"fontWeight": "600",
							"src": "https://backup.plusbrothers.net/wp-content/uploads/fonts/Poppins-SemiBold.ttf"
						},
						{
							"fontFamily": "Poppins",
							"fontStyle": "italic",
							"fontWeight": "400",
							"src": "https://backup.plusbrothers.net/wp-content/uploads/fonts/Poppins-Italic.ttf"
						},
						{
							"fontFamily": "Poppins",
							"fontStyle": "italic",
							"fontWeight": "500",
							"src": "https://backup.plusbrothers.net/wp-content/uploads/fonts/Poppins-MediumItalic.ttf"
						}
					],
					"fontFamily": "Poppins",
					"name": "Poppins",
					"slug": "poppins"
				},
				{
					"fontFace": [
						{
							"fontFamily": "Domine",
							"fontStyle": "normal",
							"fontWeight": "400",
							"src": "https://backup.plusbrothers.net/wp-content/uploads/fonts/Domine-Regular.ttf"
						},
						{
							"fontFamily": "Domine",
							"fontStyle": "normal",
							"fontWeight": "500",
							"src": "https://backup.plusbrothers.net/wp-content/uploads/fonts/Domine-Medium.ttf"
						}
					],
					"fontFamily": "Domine",
					"name": "Domine",
					"slug": "domine"
				}
			],
			"fontSizes": [
				{
					"fluid": false,
					"name": "Small",
					"size": "0.9rem",
					"slug": "small"
				},
				{
					"fluid": false,
					"name": "Medium",
					"size": "1.05rem",
					"slug": "medium"
				},
				{
					"fluid": {
						"max": "1.85rem",
						"min": "1.39rem"
					},
					"name": "Large",
					"size": "1.85rem",
					"slug": "large"
				},
				{
					"fluid": {
						"max": "2.5rem",
						"min": "1.85rem"
					},
					"name": "Extra Large",
					"size": "2.5rem",
					"slug": "x-large"
				},
				{
					"fluid": {
						"max": "3.27rem",
						"min": "2.5rem"
					},
					"name": "Extra Extra Large",
					"size": "3.27rem",
					"slug": "xx-large"
				}
			],
			"writingMode": true
		},
		"useRootPaddingAwareAlignments": true
	},
	"styles": {
		"blocks": {
			"core/avatar": {
				"border": {
					"radius": "90px"
				}
			},
			"core/button": {
				"variations": {
					"outline": {
						"border": {
							"width": "1px"
						},
						"spacing": {
							"padding": {
								"bottom": "calc(0.6rem - 1px)",
								"left": "calc(1rem - 1px)",
								"right": "calc(1rem - 1px)",
								"top": "calc(0.6rem - 1px)"
							}
						}
					}
				}
			},
			"core/buttons": {
				"spacing": {
					"blockGap": "0.7rem"
				}
			},
			"core/calendar": {
				"color": {
					"text": "var(--wp--preset--color--contrast)"
				},
				"css": ".wp-block-calendar table:where(:not(.has-text-color)) th{background-color:var(--wp--preset--color--contrast-2);color:var(--wp--preset--color--base);border-color:var(--wp--preset--color--contrast-2)} & table:where(:not(.has-text-color)) td{border-color:var(--wp--preset--color--contrast-2)}"
			},
			"core/categories": {
				"css": "& {list-style-type:none;} & li{margin-bottom: 0.5rem;}",
				"spacing": {
					"padding": {
						"left": "0px",
						"right": "0px"
					}
				}
			},
			"core/code": {
				"border": {
					"color": "var(--wp--preset--color--contrast)",
					"radius": "var(--wp--preset--spacing--20)"
				},
				"color": {
					"background": "var(--wp--preset--color--base-2)",
					"text": "var(--wp--preset--color--contrast-2)"
				},
				"spacing": {
					"padding": {
						"bottom": "calc(var(--wp--preset--spacing--30) + 0.75rem)",
						"left": "calc(var(--wp--preset--spacing--30) + 0.75rem)",
						"right": "calc(var(--wp--preset--spacing--30) + 0.75rem)",
						"top": "calc(var(--wp--preset--spacing--30) + 0.75rem)"
					}
				},
				"typography": {
					"fontSize": "var(--wp--preset--font-size--medium)",
					"fontStyle": "normal",
					"fontWeight": "400",
					"lineHeight": "1.6"
				}
			},
			"core/comment-author-name": {
				"color": {
					"text": "var(--wp--preset--color--contrast)"
				},
				"elements": {
					"link": {
						":hover": {
							"typography": {
								"textDecoration": "underline"
							}
						},
						"color": {
							"text": "var(--wp--preset--color--contrast)"
						},
						"typography": {
							"textDecoration": "none"
						}
					}
				},
				"typography": {
					"fontSize": "var(--wp--preset--font-size--small)",
					"fontStyle": "normal",
					"fontWeight": "600"
				}
			},
			"core/comment-content": {
				"spacing": {
					"margin": {
						"bottom": "var(--wp--preset--spacing--20)",
						"top": "var(--wp--preset--spacing--20)"
					}
				},
				"typography": {
					"fontSize": "var(--wp--preset--font-size--small)"
				}
			},
			"core/comment-date": {
				"color": {
					"text": "var(--wp--preset--color--contrast)"
				},
				"elements": {
					"link": {
						":hover": {
							"typography": {
								"textDecoration": "underline"
							}
						},
						"color": {
							"text": "var(--wp--preset--color--contrast)"
						},
						"typography": {
							"textDecoration": "none"
						}
					}
				},
				"spacing": {
					"margin": {
						"bottom": "0px",
						"top": "0px"
					}
				},
				"typography": {
					"fontSize": "var(--wp--preset--font-size--small)"
				}
			},
			"core/comment-edit-link": {
				"elements": {
					"link": {
						":hover": {
							"typography": {
								"textDecoration": "underline"
							}
						},
						"color": {
							"text": "var(--wp--preset--color--contrast)"
						},
						"typography": {
							"textDecoration": "none"
						}
					}
				},
				"typography": {
					"fontSize": "var(--wp--preset--font-size--small)"
				}
			},
			"core/comment-reply-link": {
				"elements": {
					"link": {
						":hover": {
							"typography": {
								"textDecoration": "underline"
							}
						},
						"color": {
							"text": "var(--wp--preset--color--contrast)"
						},
						"typography": {
							"textDecoration": "none"
						}
					}
				},
				"typography": {
					"fontSize": "var(--wp--preset--font-size--small)"
				}
			},
			"core/comments-pagination": {
				"typography": {
					"fontSize": "var(--wp--preset--font-size--small)"
				}
			},
			"core/comments-pagination-next": {
				"typography": {
					"fontSize": "var(--wp--preset--font-size--small)"
				}
			},
			"core/comments-pagination-numbers": {
				"typography": {
					"fontSize": "var(--wp--preset--font-size--small)"
				}
			},
			"core/comments-pagination-previous": {
				"typography": {
					"fontSize": "var(--wp--preset--font-size--small)"
				}
			},
			"core/footnotes": {
				"typography": {
					"fontSize": "var(--wp--preset--font-size--small)"
				}
			},
			"core/gallery": {
				"spacing": {
					"margin": {
						"bottom": "var(--wp--preset--spacing--50)"
					}
				}
			},
			"core/image": {
				"variations": {
					"rounded": {
						"border": {
							"radius": "var(--wp--preset--spacing--20)"
						}
					}
				}
			},
			"core/list": {
				"spacing": {
					"padding": {
						"left": "var(--wp--preset--spacing--10)"
					}
				}
			},
			"core/loginout": {
				"css": "& input{border-radius:.33rem;padding:calc(0.667em + 2px);border:1px solid #949494;}"
			},
			"core/navigation": {
				"elements": {
					"link": {
						":hover": {
							"typography": {
								"textDecoration": "underline"
							}
						},
						"typography": {
							"textDecoration": "none"
						}
					}
				},
				"typography": {
					"fontStyle": "normal",
					"fontWeight": "400"
				}
			},
			"core/post-author": {
				"typography": {
					"fontSize": "var(--wp--preset--font-size--small)"
				}
			},
			"core/post-author-name": {
				"elements": {
					"link": {
						":hover": {
							"typography": {
								"textDecoration": "underline"
							}
						},
						"typography": {
							"textDecoration": "none"
						}
					}
				},
				"typography": {
					"fontSize": "var(--wp--preset--font-size--small)"
				}
			},
			"core/post-comments-form": {
				"css": "& textarea, input{border-radius:.33rem}"
			},
			"core/post-date": {
				"color": {
					"text": "var(--wp--preset--color--contrast)"
				},
				"elements": {
					"link": {
						":hover": {
							"typography": {
								"textDecoration": "underline"
							}
						},
						"color": {
							"text": "var(--wp--preset--color--contrast)"
						},
						"typography": {
							"textDecoration": "none"
						}
					}
				},
				"typography": {
					"fontSize": "var(--wp--preset--font-size--small)"
				}
			},
			"core/post-excerpt": {
				"typography": {
					"lineHeight": "1.6"
				}
			},
			"core/post-featured-image": {
				"border": {
					"radius": "var(--wp--preset--spacing--20)"
				}
			},
			"core/post-terms": {
				"css": "& .wp-block-post-terms__prefix{color: var(--wp--preset--color--contrast-2);}",
				"elements": {
					"link": {
						":hover": {
							"typography": {
								"textDecoration": "underline"
							}
						},
						"typography": {
							"textDecoration": "none"
						}
					}
				},
				"typography": {
					"fontSize": "var(--wp--preset--font-size--small)"
				}
			},
			"core/post-title": {
				"elements": {
					"link": {
						":hover": {
							"typography": {
								"textDecoration": "underline"
							}
						},
						"typography": {
							"textDecoration": "none"
						}
					}
				}
			},
			"core/pullquote": {
				"border": {
					"radius": "var(--wp--preset--spacing--20)"
				},
				"elements": {
					"cite": {
						"typography": {
							"fontFamily": "var(--wp--preset--font-family--body)",
							"fontSize": "var(--wp--preset--font-size--medium)",
							"fontStyle": "normal"
						}
					}
				},
				"spacing": {
					"padding": {
						"bottom": "var(--wp--preset--spacing--40)",
						"top": "var(--wp--preset--spacing--40)"
					}
				},
				"typography": {
					"fontFamily": "var(--wp--preset--font-family--body)",
					"fontSize": "var(--wp--preset--font-size--x-large)",
					"fontStyle": "normal",
					"fontWeight": "600",
					"letterSpacing": "0em",
					"lineHeight": "1.3"
				}
			},
			"core/query-no-results": {
				"spacing": {
					"padding": {
						"top": "var(--wp--preset--spacing--30)"
					}
				}
			},
			"core/query-title": {
				"css": "& span {font-style: italic;}"
			},
			"core/quote": {
				"border": {
					"radius": "var(--wp--preset--spacing--20)"
				},
				"color": {
					"background": "var(--wp--preset--color--base)"
				},
				"css": "& :where(p) {margin-block-start:0;margin-block-end:calc(var(--wp--preset--spacing--10) + 0.5rem);} & :where(:last-child) {margin-block-end:0;} &.has-text-align-right.is-style-plain, .rtl .is-style-plain.wp-block-quote:not(.has-text-align-center):not(.has-text-align-left){border-width: 0 2px 0 0;padding-left:calc(var(--wp--preset--spacing--20) + 0.5rem);padding-right:calc(var(--wp--preset--spacing--20) + 0.5rem);} &.has-text-align-left.is-style-plain, body:not(.rtl) .is-style-plain.wp-block-quote:not(.has-text-align-center):not(.has-text-align-right){border-width: 0 0 0 2px;padding-left:calc(var(--wp--preset--spacing--20) + 0.5rem);padding-right:calc(var(--wp--preset--spacing--20) + 0.5rem)}",
				"elements": {
					"cite": {
						"typography": {
							"fontFamily": "var(--wp--preset--font-family--body)",
							"fontSize": "var(--wp--preset--font-size--small)",
							"fontStyle": "normal"
						}
					}
				},
				"spacing": {
					"padding": {
						"bottom": "calc(var(--wp--preset--spacing--30) + 0.75rem)",
						"left": "calc(var(--wp--preset--spacing--30) + 0.75rem)",
						"right": "calc(var(--wp--preset--spacing--30) + 0.75rem)",
						"top": "calc(var(--wp--preset--spacing--30) + 0.75rem)"
					}
				},
				"typography": {
					"fontFamily": "var(--wp--preset--font-family--body)",
					"fontSize": "var(--wp--preset--font-size--large)",
					"fontStyle": "normal",
					"fontWeight": "400",
					"lineHeight": "1.3"
				},
				"variations": {
					"plain": {
						"border": {
							"color": "var(--wp--preset--color--contrast)",
							"radius": "0",
							"style": "solid",
							"width": "0"
						},
						"color": {
							"background": "transparent"
						},
						"spacing": {
							"padding": {
								"bottom": "var(--wp--preset--spacing--20)",
								"left": "var(--wp--preset--spacing--20)",
								"right": "var(--wp--preset--spacing--20)",
								"top": "var(--wp--preset--spacing--20)"
							}
						},
						"typography": {
							"fontFamily": "var(--wp--preset--font-family--body)",
							"fontSize": "var(--wp--preset--font-size--medium)",
							"fontStyle": "normal",
							"lineHeight": "1.5"
						}
					}
				}
			},
			"core/search": {
				"css": "& .wp-block-search__input{border-radius:.33rem}",
				"elements": {
					"button": {
						"border": {
							"radius": {
								"ref": "styles.elements.button.border.radius"
							}
						}
					}
				},
				"typography": {
					"fontSize": "var(--wp--preset--font-size--small)"
				}
			},
			"core/separator": {
				"border": {
					"color": "currentColor",
					"style": "solid",
					"width": "0 0 1px 0"
				},
				"color": {
					"text": "var(--wp--preset--color--contrast)"
				},
				"css": " &:not(.is-style-wide):not(.is-style-dots):not(.alignwide):not(.alignfull){width: var(--wp--preset--spacing--60)}"
			},
			"core/site-tagline": {
				"color": {
					"text": "var(--wp--preset--color--contrast)"
				},
				"typography": {
					"fontSize": "var(--wp--preset--font-size--small)"
				}
			},
			"core/site-title": {
				"elements": {
					"link": {
						":hover": {
							"typography": {
								"textDecoration": "none"
							}
						},
						"typography": {
							"textDecoration": "none"
						}
					}
				},
				"typography": {
					"fontFamily": "var(--wp--preset--font-family--heading)",
					"fontSize": "1.2rem",
					"fontStyle": "normal",
					"fontWeight": "600"
				}
			}
		},
		"color": {
			"background": "var(--wp--preset--color--custom-bianco)",
			"text": "var(--wp--preset--color--custom-nero)"
		},
		"css": ":where(.wp-site-blocks *:focus){outline-width:2px;outline-style:solid}\n\nh3 a, \nh4.wp-block-post-title a {\n    color: #000;\n    text-decoration: underline;\n}\n\n.wp-block-navigation a:hover {\n    text-decoration: underline;\n}\n\n@media (min-width:768px) and (max-width:1050px){\n.tablet-header{\n  justify-content:center!important;}\n}\n\n.wp-block-navigation__responsive-container.is-menu-open .wp-block-navigation__responsive-container-content{\nalign-items:center!important;\n}\n\n.wp-block-navigation__responsive-container.is-menu-open .wp-block-navigation__responsive-container-content .wp-block-navigation-item, .wp-block-navigation__responsive-container.is-menu-open .wp-block-navigation__responsive-container-content .wp-block-navigation__container, .wp-block-navigation__responsive-container.is-menu-open .wp-block-navigation__responsive-container-content .wp-block-page-list{\nalign-items: center;\n    \n    gap: 1rem;\n}\n\n.taxonomy-category.wp-block-post-terms a,\n.wp-block-post-author-name a {\n    text-decoration: underline;\n}\n\n.taxonomy-category.wp-block-post-terms a:hover,\n.wp-block-post-author-name a:hover {\n    text-decoration: none;\n}",
		"elements": {
			"button": {
				":active": {
					"color": {
						"background": "var(--wp--preset--color--contrast)",
						"text": "var(--wp--preset--color--base)"
					}
				},
				":focus": {
					"border": {
						"color": "var(--wp--preset--color--contrast)"
					},
					"color": {
						"background": "var(--wp--preset--color--contrast)",
						"text": "var(--wp--preset--color--base)"
					},
					"outline": {
						"color": "var(--wp--preset--color--contrast)",
						"offset": "2px"
					}
				},
				":hover": {
					"border": {
						"color": "var(--wp--preset--color--contrast)"
					},
					"color": {
						"background": "var(--wp--preset--color--contrast)",
						"text": "var(--wp--preset--color--base)"
					}
				},
				"border": {
					"color": "var(--wp--preset--color--contrast)",
					"radius": ".33rem"
				},
				"color": {
					"background": "var(--wp--preset--color--custom-viola)",
					"text": "var(--wp--preset--color--custom-bianco)"
				},
				"spacing": {
					"padding": {
						"bottom": "0.6rem",
						"left": "1rem",
						"right": "1rem",
						"top": "0.6rem"
					}
				},
				"typography": {
					"fontFamily": "var(--wp--preset--font-family--poppins)",
					"fontSize": "var(--wp--preset--font-size--small)",
					"fontStyle": "normal",
					"fontWeight": "500"
				}
			},
			"caption": {
				"color": {
					"text": "var(--wp--preset--color--custom-verde)"
				},
				"typography": {
					"fontFamily": "var(--wp--preset--font-family--poppins)",
					"fontSize": "0.8rem"
				}
			},
			"h1": {
				"typography": {
					"fontFamily": "var(--wp--preset--font-family--sedan-sc)",
					"fontSize": "var(--wp--preset--font-size--xx-large)",
					"fontStyle": "normal",
					"fontWeight": "500",
					"lineHeight": "1.15"
				}
			},
			"h2": {
				"color": {
					"text": "var(--wp--preset--color--custom-rosso)"
				},
				"typography": {
					"fontFamily": "var(--wp--preset--font-family--sedan-sc)",
					"fontSize": "var(--wp--preset--font-size--x-large)",
					"fontStyle": "normal",
					"fontWeight": "400"
				}
			},
			"h3": {
				"typography": {
					"fontFamily": "var(--wp--preset--font-family--domine)",
					"fontSize": "var(--wp--preset--font-size--large)",
					"fontStyle": "normal",
					"fontWeight": "500"
				}
			},
			"h4": {
				"color": {
					"text": "var(--wp--preset--color--custom-nero)"
				},
				"typography": {
					"fontFamily": "var(--wp--preset--font-family--domine)",
					"fontSize": "1.6rem"
				}
			},
			"h5": {
				"typography": {
					"fontFamily": "var(--wp--preset--font-family--domine)",
					"fontSize": "1.4rem"
				}
			},
			"h6": {
				"typography": {
					"fontFamily": "var(--wp--preset--font-family--domine)",
					"fontSize": "var(--wp--preset--font-size--small)"
				}
			},
			"heading": {
				"color": {
					"text": "var(--wp--preset--color--custom-blu)"
				},
				"typography": {
					"fontFamily": "var(--wp--preset--font-family--sedan-sc)",
					"fontStyle": "normal",
					"fontWeight": "600",
					"lineHeight": "1.2"
				}
			},
			"link": {
				":hover": {
					"typography": {
						"textDecoration": "none"
					}
				},
				"color": {
					"text": "var(--wp--preset--color--custom-nero)"
				},
				"typography": {
					"fontFamily": "var(--wp--preset--font-family--poppins)"
				}
			}
		},
		"spacing": {
			"blockGap": "1.2rem",
			"padding": {
				"left": "var(--wp--preset--spacing--50)",
				"right": "var(--wp--preset--spacing--50)"
			}
		},
		"typography": {
			"fontFamily": "var(--wp--preset--font-family--poppins)",
			"fontSize": "1.1rem",
			"fontStyle": "normal",
			"fontWeight": "400",
			"lineHeight": "1.55"
		}
	},
	"templateParts": [
		{
			"area": "header",
			"name": "header",
			"title": "Header"
		},
		{
			"area": "footer",
			"name": "footer",
			"title": "Footer"
		},
		{
			"area": "uncategorized",
			"name": "sidebar",
			"title": "Sidebar"
		},
		{
			"area": "uncategorized",
			"name": "post-meta",
			"title": "Post Meta"
		}
	],
	"version": 3
}